{"0.30214367092988903":{"userId":11},"0.2762528262782369":{"userId":11},"0.7714092881101964":{"userId":11},"0.7417510801177094":{"userId":11},"0.1785617032488207":{"userId":11}}